image_id,label
WEajVawh.png,lampung
qA1ZrD98.png,lontara
G4lDbpor.png,pegon
fDI0VO86.png,pegon
J9SshuHf.png,jawi
aZwZsKoj.png,jawa
5sibrN1x.png,pegon
OQTuij3P.png,bali
ItQogqk5.jpg,lampung
ZqydnzgJ.png,lampung
PVjGocDm.png,jawi
VJtZBYhT.png,lontara
0CSBXH8E.png,sunda
Qs5gOQRU.png,lampung
3pEwqbyv.png,sunda
LYSJlPHg.jpg,bali
RuN8j9dn.png,jawa
r0elQ0IA.jpg,jawa
2vGITeza.png,sunda
8cP0TG9G.png,jawi
j6anMMkb.png,lontara
KTQSUrrc.jpg,lontara
m5VeP6bO.png,bali
SnCZ4PQw.png,lampung
wBQ3yw10.png,lampung
AdpKUfiD.png,lontara
KEu2kTL0.jpg,pegon
vDh3sqrP.png,lampung
vlFWLeRt.jpg,jawa
i3o0uiBI.png,lampung
GzY7jkaJ.png,lontara
G3QE12Wa.png,jawa
OejnTLcZ.png,bali
XSED2XWK.jpg,lampung
inXsqhEY.png,pegon
ndpkiGAu.jpg,lontara
bJbum0jm.png,pegon
vhJKwyt6.png,lontara
HC8195r5.jpg,lontara
FsRveb1q.png,bali
I9EOqAYR.png,jawi
1ylSINFk.png,lontara
os7DW2YN.png,lampung
lYmPrQa7.png,jawa
DouTwCmZ.jpg,jawi
JM5Rlwfw.png,bali
4ONNN3sr.png,jawa
26WUdDnL.jpg,jawi
sXLZOJSp.jpg,lontara
TdLGEb6y.png,pegon
eJBz6Ijo.png,jawa
QfVxUOA8.png,lampung
xKDQ2khc.png,pegon
J0DSglN2.png,lontara
S9OQQwUs.png,lontara
Y3FTOh22.png,sunda
U8zdIIUJ.png,sunda
MXzGfFQm.jpg,sunda
TWwOlCLX.webp,lontara
aYPxmfJH.png,sunda
Z7BTkpZi.png,jawa
3ZJwNBAE.png,lontara
VjUX1UMA.jpg,bali
Pe5YLNR7.png,lampung
yDpRmpun.jpg,lontara
7WFSRZdK.png,jawi
ih56UWvz.jpg,pegon
SkISLMsf.png,jawa
na92LGMz.png,jawi
1ZVk0eST.png,sunda
gdOOKVnw.png,lontara
ehzSl5Ig.png,pegon
fWSSeXCX.webp,sunda
zNfsepUJ.png,sunda
fkJRTTfO.png,jawi
pgSyyi4V.png,jawa
YZumQKNy.jpg,lampung
WiADA2MM.png,jawa
OZQEsgPy.png,jawi
HLdt1ZzI.png,jawa
9JSbMpTZ.jpg,pegon
dzq5cujj.jpg,jawa
OsqMdOFN.png,lontara
HgwXDSUQ.png,pegon
pTQL9HRj.png,pegon
3nLgwaxm.png,sunda
TXqX2mWJ.png,jawi
q0xsg3Dy.jpg,pegon
F9izBJpz.png,pegon
t82u4xu2.png,lontara
jg4VFZds.jpg,lontara
lUuephPg.jpg,jawi
OnWsj9bp.png,lontara
1c7Wpj98.png,lontara
WSBZPBmt.png,sunda
aQis1ndJ.jpg,lampung
zFNBzMgh.jpg,pegon
BKre5xTa.jpg,sunda
vE1lC5ua.jpg,lampung
F50UsMaR.webp,jawi
26z1ANyb.jpg,jawi
CnBToLjM.png,lampung
uNqqe0I4.png,bali
WBPdHXL5.png,bali
U7vvUNPB.png,lontara
wLoVkfTl.png,bali
Eys3trgy.png,bali
fGihSJCN.png,jawa
rHj8SiVp.png,sunda
Lm3wIDHm.png,jawa
m7bhJXyj.png,bali
3BUyPwJk.png,pegon
UnwSaMS8.png,bali
Fj83bcac.jpg,lontara
AvWpUyyu.png,bali
FWqUTKFt.jpg,bali
GtqK3cHR.jpg,sunda
nGSdmtoh.png,lampung
pVthZwP1.png,lampung
5eX664EA.png,sunda
ScnmEXLU.png,pegon
n6DUkpEY.png,jawi
xUGmT8fC.png,jawi
Xre8jQe3.webp,bali
C6hR7VXO.png,jawa
8I2L3o6S.png,lampung
SxoWWkm3.png,sunda
aq9Gx8p5.png,sunda
k5xdnWK8.png,jawi
hJmQnS4O.png,pegon
Dpu9hYWa.png,lontara
xQjZVApr.png,sunda
OqzKJN52.png,sunda
LvoCIxWk.png,lontara
jDvkwspJ.png,bali
iSe2cw0a.png,sunda
5kT0KM0c.png,pegon
5K4PiZGI.png,pegon
AdLJqOB1.png,jawi
1RE1VcHj.jpg,bali
Mgzl4MJw.png,bali
H036HViM.jpg,lampung
n5DNTpPv.png,lontara
G53WDmJS.png,bali
yuiAa6pM.jpg,lampung
8QbQfOFO.png,bali
ErGST9sT.jpg,pegon
KLS2GwTM.png,sunda
PFdjl0p9.jpg,jawi
Pcz6TMby.png,jawa
ItKYqOPE.jpg,sunda
a9BmtPJb.jpg,jawi
EMRQOOsO.png,lontara
nQwYl20J.png,pegon
10YNnodr.png,bali
x8yJPsGV.png,pegon
y4Div1Ps.jpg,jawi
IwuTnbUj.png,jawa
6nRakZMt.png,jawa
4PdmVIkP.png,jawa
4sMBUagD.png,pegon
lFWeSmNZ.png,bali
mHeGx7ZL.png,jawi
xlXgf5c2.png,bali
NtuvqiQ4.png,jawa
PbWauHfe.png,bali
ipYw1jbF.jpg,bali
emcWShUR.png,lontara
zpaJVslx.png,lontara
K3eaNag9.png,jawi
YBRfQm8i.jpg,jawi
TqNcmXGk.png,bali
75FTutS8.png,pegon
svOhCBGO.png,jawa
Y43lbNxD.jpg,sunda
PHspQViJ.png,pegon
irfN8SvM.png,sunda
6keS2q1W.png,lampung
iqjxUJyG.png,sunda
056AqPTe.jpg,lontara
tuQn2tFG.jpg,lontara
VCETFUEm.png,jawi
KbH41LGp.png,sunda
uDeervHv.png,bali
kOzZg1JG.jpg,lontara
VYOpwZqb.png,jawa
tFNYQUUg.png,sunda
ZjFyliaI.png,jawa
ikM06HcP.png,pegon
zLGulVUF.png,lampung
XBafp2ut.png,lampung
XziMPG8z.png,pegon
24T5SZRZ.png,lampung
Osd5jaCP.png,sunda
P8cAscCZ.png,jawi
jM8Jsl4A.png,jawi
s74sHDUk.png,lampung
0n7QAEVG.png,jawi
l7zErLnw.jpg,bali
LPbJ8Xa9.png,pegon
uneupKp4.jpg,jawa
RQ3dXMka.png,jawa
gPxFUf2Q.png,bali
gCeXTM6f.png,pegon
RCAhhZd5.png,bali
EZsD6yU2.png,jawa
YwAccQRI.jpg,jawi
YUSbZwlL.png,sunda
etGskeZb.png,sunda
hLjOXcIt.png,lontara
XHfBbGro.png,sunda
qq4ruweS.png,lontara
88um4MLL.png,jawa
mh0dnpYt.png,pegon
EkcAINcb.jpg,lampung
t4WWJWrm.png,bali
CnD6r3Nc.png,jawa
KErle2IZ.png,jawi
OxqIjBqf.png,sunda
eQdRb66P.bmp,bali
rAp05mwt.jpg,bali
NOtYR2fS.png,sunda
2JOdaZIF.jpg,lontara
U7VOFbSp.png,bali
8oq6zqeT.jpg,jawi
A8vOjcCg.png,sunda
Pof0hs8v.png,lontara
wHZdMejr.jpg,lontara
UNtkdcp9.png,jawa
XkbrUkn5.png,pegon
31eEtdGH.png,lampung
eGkKGqww.png,pegon
7CyTFt1f.png,bali
oY0gb7Sn.jpg,lontara
LfkwfRXY.png,lampung
Ep42uvIt.jpg,jawa
Dm7oXhal.png,jawi
VoJ1Xg9b.png,lontara
GFi010T3.png,sunda
3thCZSyH.jpg,lontara
LiB3gmQw.png,pegon
fI8C362v.png,bali
pFSi98wx.png,lampung
K1OaxX8K.png,sunda
MLej2rDG.png,bali
VbUDzy4i.jpg,sunda
ujjDXtsH.png,lampung
o6wvvIED.jpg,jawa
UIyE3mPI.png,jawi
DFkLcO4k.png,jawi
KjfiynKK.jpg,lampung
FBTHN0rk.jpg,sunda
bxQcDY0h.png,lampung
oJMW3lXi.png,sunda
UZkcwMR2.png,lampung
ay6KXtZE.png,jawi
O2jk1qCX.png,jawi
iQAE0e2j.png,jawi
JR8H0DtD.png,pegon
O8zOrSNi.png,pegon
XNKeg34p.png,jawa
YUrX9JYE.png,lampung
GsTqjyBm.png,lampung
ezwvAKNA.png,lampung
mgq2eH5y.png,bali
1kBHFF7b.png,bali
8fctJinJ.png,jawa
TQ0omJqB.png,lampung
Y4p39xPf.png,jawa
D2al3WFj.png,lontara
aFNQd7Wq.jpg,lampung
lEgRN8gs.png,sunda
00T8kKS9.png,lampung
dNOv6cil.png,jawi
pkr1vakn.png,bali
3PuR8UUd.png,lampung
Ybv4ejqR.jpg,jawi
fJlFp9qb.png,lampung
SegSnPMo.png,jawa
jTbRy3wy.png,jawi
wfrQPPz0.png,jawi
l7zm4ex5.jpg,pegon
i2Po8naX.png,sunda
J1wE89Kg.png,jawa
IFsvMMMZ.png,lampung
JxJ5O6S2.png,jawi
bdWh7vZy.jpg,lampung
xKOr051L.png,bali
u04JTLXq.png,lontara
wZXItSQr.png,jawa
kiTqS47o.png,pegon
2DNZmXTB.png,sunda
FwX91kPV.png,lontara
KUPPAWQo.png,pegon
ZkaIdXph.png,jawa
ipee2D8y.png,sunda
3htXo3T1.png,jawa
VpiyizbZ.png,pegon
Osr6x8QO.jpg,bali
pEh1Rkyx.png,bali
hkW7FAtu.png,jawa
EfsKBSzv.png,jawa
ucJ8RJ0x.png,lontara
KWPvaaiz.png,lampung
3P33Mx6w.png,pegon
m8gGjDUO.png,jawa
2kwxMF1P.png,lampung
YrcxD0Iz.png,pegon
LDnDYpYN.png,bali
Ql34AEov.png,jawa
0G6K6Mgx.png,sunda
rCFHzah9.jpg,jawi
nYuKVvtP.png,pegon
iMzXnHzi.png,sunda
H2wD2Cwp.jpg,lontara
nmE8gjqc.png,lampung
hu2IO3uu.png,bali
pOdWxgnU.jpg,jawa
Urll2kV8.png,lampung
3WOfUs8V.jpg,jawa
QnomGMrW.png,jawa
qdyOBJMm.png,jawi
AJtfjse4.png,jawi
uo2fXOOg.png,jawa
bzYOfktG.jpg,jawa
MEIIpTFk.jpg,lontara
vbTrP2XB.png,lontara
cgKILzhK.png,jawi
wddJmAo6.png,jawi
iApRoWXi.png,bali
hzmyHjwd.png,lampung
ANvXuugy.jpg,jawi
mHPYOxBd.png,pegon
3Vb1a9Jq.png,jawi
ZBvUKEFY.jpg,jawa
j2A8mZqi.png,jawa
GVuvm0Fe.png,bali
yH8kDyOL.png,bali
pmpFP6tE.jpg,bali
HmO2XhX4.png,jawa
DzyTnG3l.png,sunda
2vw5LSXt.png,jawa
BdjIUfGT.png,sunda
a2xlyNPU.png,bali
jKDXOxK5.png,sunda
tCOj1eAD.png,lampung
2T7yQYeE.jpg,jawi
VPd59w2G.png,bali
TkC0OpHV.png,lontara
fEklPkNb.png,sunda
nb7zv9pn.png,jawi
3Ab69ql6.jpg,lontara
T2fp5mfj.png,lontara
fjnGrtEu.png,jawi
HgFDeeQj.png,pegon
khaxzjZo.png,jawi
AGHPVJzn.png,lampung
nNFES8AI.png,jawa
o36fxQgG.jpg,sunda
94w0nbLY.jpg,sunda
WfW6DiJL.png,bali
3VEBASAg.png,pegon
T0d4kIfP.jpg,jawi
fL2JmXEd.png,jawi
XptxcyjW.png,lampung
EnCEWDE8.jpg,pegon
KBBAssZV.webp,jawa
5K0ntO8j.png,bali
4Exa86KL.png,bali
mx7LCCNB.png,jawi
9KPYHyTK.jpg,pegon
SCCerkBY.jpg,pegon
IINdF7pr.webp,bali
5IMxeqAJ.png,lontara
chtz5jzk.jpg,jawa
8jfXGtZJ.png,lontara
sZuRUcfR.png,sunda
5wSDIkxd.png,lontara
WsL7EGKU.jpg,jawi
TttzcFgE.jpg,pegon
EqOy0Ygp.jpg,bali
MWUxUolm.png,lontara
vI3WShwa.bmp,pegon
yPoCDaF4.png,bali
xR0SEbgG.png,lampung
fF7SuGhV.png,lampung
W6smHRuA.png,pegon
EMntqvyh.png,jawa
4OR8cPdh.jpg,jawa
zdu2Zw13.png,lampung
W2n52G1r.jpg,pegon
hgfKArJw.png,sunda
DVXTo7I6.png,sunda
QlEiR0iG.jpg,sunda
vmQ5ocag.png,bali
6walxVK4.jpg,pegon
yOU77fDe.png,sunda
VYSBSqiL.png,lampung
X2RZw52N.png,lampung
pWnaLPgR.jpg,pegon
TkcyO0pK.jpg,lontara
wEqxO932.png,pegon
PpusvmqU.png,sunda
5u5TVLbj.png,bali
05JGzTkN.png,bali
vGWIjnJU.png,sunda
RyJnmmhF.png,jawa
0N0MItKu.png,lontara
4IateSUS.png,jawa
WrucuNTl.jpg,jawi
nrjSuQUI.png,lampung
zT9aeQxi.jpg,jawi
Q9imR7oT.jpg,lampung
c8jZaveK.png,lampung
nIhqTJNj.png,sunda
lWYdBjrk.png,jawa
HUGi0nLM.jpg,sunda
rErI59dc.png,sunda
2yagSjhm.png,lampung
h8v2QrgF.png,lontara
WayCSImu.png,jawa
7VMfcMHI.png,bali
9zGlcdIa.png,jawa
s05yO8BP.png,bali
YLBrPsjO.png,bali
TXkxko1i.jpg,lampung
95YZVrDD.png,jawa
7ckJIDU4.png,lontara
loTQb3H7.png,jawa
34HKXjV9.png,lampung
rZnOMgbJ.png,jawa
6W0xinoW.png,bali
BF2a88L9.webp,pegon
vdHe3qEg.png,sunda
nGYbQt8U.png,bali
r7fakC6Y.png,lampung
01eMwHuH.png,lontara
mzWOtlbp.png,lampung
iiCd7aNl.jpg,jawa
NjeIgej1.png,jawa
r3Ups2lg.png,lontara
AQwUoSbi.png,jawa
USzzfXaO.png,jawi
nWpj5DQ3.png,lampung
ak3GwgIz.png,jawa
a48ZKsTM.png,lampung
3f76p0cH.png,lampung
WIzFRrQw.png,jawa
t0CUnaq7.png,jawi
CURsUyvi.jpg,pegon
rSIh1IgC.png,pegon
TSJcHALM.jpg,pegon
gxSxzmWq.png,lampung
hS8BXVxE.png,lampung
FJIb3JJZ.png,lampung
103HUaxy.png,lontara
KJdY1jWR.jpg,lampung
qO6OKcRs.jpg,jawa
BpemwSh9.png,jawi
XMWlmHYn.webp,sunda
cIvpkHsH.jpg,jawa
iN8lmlCB.png,lampung
YtqTEdMc.png,jawa
TsW7zvts.png,lampung
Y978qcT3.jpg,jawa
RsrT9tlT.png,jawi
VEr26nUc.png,jawa
fLvo3NSl.png,bali
Kmt3tBTF.png,lampung
0yYINh3K.png,jawa
JC72Wvwy.png,jawa
TCGOSVcJ.png,lontara
Kvzj3Pv0.png,lampung
33wj8h0R.png,jawi
yZhMQJBZ.jpg,bali
0GsnAjkh.jpg,sunda
UtmpkmTz.jpg,pegon
u18BMse4.jpg,pegon
cgrMsZJ8.png,jawa
yEwOuwUz.jpg,pegon
GtmANNHc.png,jawi
FNnSLEoz.jpg,jawa
hO5C0YCv.png,jawa
WUwowK3j.jpg,jawi
g1V2Jf5T.png,lontara
G9emTgSa.png,bali
3nA3W49u.jpg,lampung
5RITOks4.png,pegon
hOmpjJmw.png,bali
3MWxF7cW.png,jawa
deHZj2TH.png,jawi
0u4WUqfd.png,sunda
wX7bM0kB.png,bali
08ir1p0K.png,jawi
Q0tOdDTQ.png,jawa
Cs3YLT81.png,jawi
nq6bdC2J.jpg,pegon
hSV8sh6t.png,lontara
8vFap5BO.png,jawi
3sAJUg9D.png,lampung
FfhHxvVH.png,bali
5tEuNxV2.png,pegon
0QmUSo8n.jpg,lampung
WHISm4Km.png,bali
MnP02zXP.png,sunda
EFM6OYGv.png,lontara
6op2Y2yh.png,jawa
d7cXQ2Qo.png,bali
323hhBsX.png,sunda
GYYGbbBG.png,lontara
PX3mxCZj.png,bali
LnSqXuEu.png,jawa
NOBQTAfI.png,lampung
GmgmFkbL.png,lampung
rR8Jn0tX.png,lontara
JpskgVWZ.png,pegon
HAzZ4mgu.png,sunda
tcTkCXgy.png,lampung
kyWx0ZQy.png,lampung
xU9Yyahd.png,lontara
GKqjIlWl.png,lampung
pfViDMBL.png,pegon
EAYCAQ59.png,bali
l59U3nzg.png,bali
XYvglGWB.png,jawi
2HeVFuqg.png,lampung
BqEBJVOi.png,bali
KRx3Vmia.png,sunda
l4bmCKrg.png,pegon
s9WmvGWk.png,jawi
KhpaPPC0.png,jawi
YeQKBE9M.png,lontara
kSLTls5b.jpg,pegon
43HAydRQ.png,lampung
e2cUfICY.png,jawa
IQ8kGbtE.png,sunda
OIaA5eXo.png,jawa
ulIaHLEa.png,lampung
91m3Rxef.jpg,lampung
cGozUXSG.jpg,pegon
1bbYyX22.png,lampung
89dSOcz7.png,pegon
MgAgepYl.png,jawi
hqJ103Sp.jpg,lontara
D7NbcemQ.png,bali
4X7I7UNx.png,pegon
LTy8fniU.png,bali
HI5mb7iB.png,jawi
raGbK5Tu.png,bali
P9E70Dmo.png,pegon
86AuEeEl.png,jawa
90fjiYcU.png,lontara
PDsak7xf.png,bali
OvOP7g6o.png,bali
qATEq0HP.jpg,sunda
EcXKkfB4.png,jawa
Pt4L9F8V.png,jawi
jTD8Zh8H.png,sunda
7dPUZjhP.png,sunda
S6L0aYU5.png,lontara
oMiIYb91.jpg,lontara
OkORWxGB.png,jawa
fNNSh4tQ.png,pegon
pZsW1GoY.jpg,jawa
hSxVaXor.jpg,jawa
fCHu0AYO.jpg,jawa
fgVE5ccy.png,jawa
myxkjkgQ.webp,pegon
OEWabCe7.jpg,bali
Qdwfb3Ge.png,sunda
jmtUqfDV.png,lampung
nwCtXeZ4.png,bali
z2vsKyPU.jpg,sunda
kYXFycIv.png,bali
CXBsxs5B.png,lontara
Orjz0RPU.jpg,sunda
J1ixlQWm.png,pegon
kVmtA8MR.png,lontara
d1ToAyba.png,lontara
lPzv5eqY.png,lampung
pku4lkFa.png,pegon
RUb8zlTE.png,pegon
Oys3soEI.png,bali
reA9BLpu.png,pegon
OiiDyhUF.png,lampung
i3He2y1Y.png,lontara
J7G57bTW.png,jawa
uRe54tg1.png,lontara
phH6CAnL.jpg,bali
SagDWqdN.png,pegon
niyHlOIV.png,lontara
mS4vyvre.png,jawi
VE3D743t.png,jawi
a5zGM5iK.jpg,jawi
Q2NwIzMD.png,jawa
98PJUOnr.png,bali
LOM2Cl5C.png,sunda
ZyfCy8J2.png,pegon
s53qLnER.png,sunda
oam3a8sH.png,jawa
QXGCGLVW.png,jawi
XTddzS4X.png,pegon
731K7Cai.jpg,jawi
7TmjWUdk.png,jawi
dUllUsCz.jpg,sunda
jK32E0JD.png,pegon
feCJMsmX.png,jawi
h5nYoAdw.png,lampung
Hv8tHeqB.png,lontara
tQWUm1oA.png,lampung
RbxPyn4x.png,sunda
QFfZe8ew.png,lampung
Tv6WAzx4.png,pegon
54J05dmZ.png,jawi
I29sCR8B.png,bali
edRKaasR.jpg,lontara
UnICwyqg.png,bali
JYfbeH12.jpg,lontara
Ky0oQWpj.png,pegon
ChZIBpdG.png,pegon
VuSyev7a.png,jawa
okSu4ciV.png,jawi
CXBUMBFn.png,bali
KewGrZpD.png,lampung
0RAnFoKU.png,bali
P9JfVGGD.png,pegon
DaAz8lL4.png,jawi
nRdhCMHl.png,sunda
Zi7kJrQs.png,lampung
JyGnx4Yb.png,bali
dPgoqmRa.png,lontara
qDDmJZ7z.png,sunda
Whk8ayUq.png,lontara
MCWevjoy.jpg,lampung
lKlzHcor.png,sunda
oal4ko2F.png,sunda
tKOzQYKm.png,jawi
59tDe5Gv.webp,bali
oGT8HWEq.png,lampung
JlYULXkv.png,pegon
6VezOnWn.jpg,lampung
wxpzk5d3.png,jawa
AnSP4JJ3.jpg,jawa
nGWPVJWU.png,lontara
vMXZNRut.png,lampung
oU4Afjm0.png,lontara
xLY3M8f5.png,lontara
1nxydDHq.png,bali
Dhgw3OD7.png,sunda
3mAvzleS.png,bali
im6uI6sb.png,lontara
zEYv6W21.png,lontara
aCi9dvle.png,jawa
j4rJdmko.png,jawi
TZ1ueTRt.png,jawi
hel3KOlu.png,lontara
Krjvxple.jpg,jawi
0b658G9J.png,lampung
4MUwwG4m.png,lampung
LWZ0IOje.png,lampung
G7edH2Ra.png,sunda
GtRD7Rmf.png,sunda
dfssXIo8.jpg,lontara
cln7Plo6.png,jawa
OeILLbO4.jpg,jawi
ZaYgfQQL.png,sunda
KbrCt83X.png,jawa
bn00IwdS.jpg,sunda
DcbTyhLk.png,jawa
qi2VSDd6.png,lontara
pqtG762h.png,lampung
b4mplqNJ.png,pegon
KEBMdQDz.jpg,bali
OQWkQ4vH.png,sunda
uiAFa39T.png,sunda
u8gRNSJu.jpg,lampung
oI6wrK4S.png,jawi
WvFIkFHu.png,bali
KR5EpRnz.png,jawa
4Pc0Kc1p.jpg,sunda
eiFKAMFN.png,lampung
VKy7LWsI.png,bali
dng6mbzW.png,jawi
XOb5w4Tj.jpg,pegon
du6bZvPZ.png,jawa
yhu5vLZ2.png,jawi
dZIHQ6IO.jpg,jawi
pvGzanwP.png,lampung
Sto0xADH.png,sunda
h5xnSsJF.png,pegon
Z6ZSedJs.png,jawi
0Be8uAsz.png,bali
9KzA3sXY.png,jawa
rZpMW2CH.png,bali
87cOoBaA.png,sunda
PgHL2J1Y.jpg,pegon
NHCgSr47.jpg,pegon
EtYbzPDr.png,bali
8a3JTa3q.png,sunda
MgJkaaVi.png,jawa
fCvfu7Us.png,lampung
81HeWJBq.png,lontara
qAqrMJcb.png,lampung
Ipz3NlA5.png,lontara
YuvQpaWw.png,lontara
XVc6dD9e.png,jawa
0gywkqZS.png,pegon
kdvH7v80.png,jawa
47iZwzAU.png,lontara
40oY2xIY.jpg,sunda
EVa764br.png,bali
8suclccs.png,pegon
BNarjjGj.png,bali
vzYKFY2J.png,jawa
uZCXeRsn.jpg,jawi
7O7h7FxL.png,lontara
hiiIL22I.jpg,bali
ZyABnADj.png,lontara
PQQXgTWv.png,pegon
bVqDZDkZ.jpg,pegon
cOV7dwV9.png,jawi
VHglU5tG.png,jawa
eizJ5AcS.png,jawa
Cz8bkDL2.png,jawa
v977Z2zw.png,lontara
NlR91Rwp.webp,lampung
nifwsZzJ.png,lampung
w3IjrsOh.jpg,lontara
YpHPQVh6.png,lontara
JPtO2j4w.jpg,lontara
v4Nqvjpm.png,bali
VgWTSZGj.png,sunda
gB3m7wJI.png,jawa
HGqtBqjD.png,jawa
NNhdDS0q.png,jawi
Ox0GYt25.png,lampung
AWadd36B.png,lampung
0PyAzQHo.png,sunda
Xvvd7Ac1.png,pegon
OTGZSY5w.png,bali
XHbRwo0Z.jpg,jawa
m2kSqjTS.png,sunda
uKjRsBx4.png,lontara
RehnVJdJ.png,pegon
jqjMd0Yx.png,lampung
R1SZovgr.png,sunda
wNwpg3Ar.jpg,sunda
tSvo48rE.png,jawi
YIMADrYw.png,bali
et1jPHue.png,pegon
eSQjEze4.jpg,pegon
SMVfGAZD.png,jawa
jsVNMUj5.png,bali
NbEwAuct.jpg,lontara
nrkhPH5U.png,jawi
elVJofGn.png,jawa
alj4mF6e.png,sunda
QKQTTMjT.png,jawa
ajknS84q.png,sunda
Li8nbn2t.jpg,lampung
4AaKRtzE.png,lontara
K9e8TMyg.jpg,pegon
V2LAceRJ.png,pegon
3asehMfn.jpg,sunda
hhV3ZKbu.jpg,lampung
66o6eVNi.png,pegon
qmKWKSxE.png,pegon
VJM1WbBN.jpg,sunda
c8MnpMk4.jpg,jawa
TaAdHNlI.png,sunda
kJJAyZKM.jpg,jawi
K2sHB4Jk.jpg,bali
sa1rVmqD.png,lontara
MUAVkDjK.jpg,jawi
g31rgeLv.png,jawi
mR8bW1pV.png,pegon
N2Q2ULqo.png,pegon
BzZAMGZC.jpg,sunda
ubtIWQXy.png,lampung
5p0Dj1Vk.webp,pegon
zMMYfB6o.jpg,lampung
4x8Igjnl.png,lontara
RPlubVFj.png,lontara
XRQyv1Zd.png,bali
XRUfcTAX.png,sunda
WUWpvdeZ.png,pegon
i9i4gTem.png,jawi
n3d8txPT.png,bali
1aQ8f5iK.png,jawa
hdJrfq4s.png,lampung
rWnMvbQk.jpg,sunda
KXd0P9dH.png,lontara
9oawFahu.png,jawi
8nBGe8RJ.png,pegon
ZebzJoUL.jpg,sunda
SSysKnwZ.png,lampung
ZiZ0rzRd.png,lampung
sOyFalPj.png,sunda
svxunifc.png,jawa
G1iATUqO.png,jawi
ycdhjkBF.png,jawi
51T6XKh2.png,sunda
8pahLIpm.png,jawi
uP9TwtV2.jpg,pegon
aBQT6TJI.png,lampung
u3VWNChV.png,lontara
TTEUFyJY.png,lontara
4Jij6v9g.jpg,lontara
UzaG4Ggg.jpg,lampung
ix1amEQM.png,bali
qGkM4Ur2.png,lontara
X5VKmeBa.jpg,jawi
yA7xTpY5.png,pegon
8HI5NDWB.png,lontara
ro26fXD7.png,sunda
4YGovcfJ.png,jawi
aaqExlVp.jpg,bali
HOYLoAta.jpg,bali
nm7BXcSo.png,lontara
S3sYitMU.png,jawa
bt2RKsKm.png,jawa
vvTcbLTG.jpg,jawa
xKb8yzNs.jpg,jawi
h2iLpucQ.png,jawa
QzYrzlso.webp,lampung
WNT3Tnrb.png,pegon
K8weUhmt.png,jawa
9odq553u.png,lontara
ol8RyevU.jpg,lontara
dRCVp0zD.jpg,jawa
k0Lb4cxJ.png,lontara
H0jEMsB8.png,lampung
NiDKo5Nd.png,sunda
5CHegCkK.jpg,jawa
OoUyvEqb.png,sunda
wp6wkjKx.png,jawa
wYewV5up.png,jawa
iiCqsrGo.png,pegon
uAEERgsB.png,pegon
SVxHx8pl.png,sunda
Q7bs1lcv.png,sunda
FoTOgdqM.png,bali
4IujtzpE.png,bali
akkU0GuM.jpg,pegon
RQKLdl0d.png,jawi
ZgnNANis.png,sunda
Bp5dKMs8.jpg,jawa
NY6h9a11.png,lontara
HDUihU2T.jpg,bali
7okaG787.png,sunda
FGZEAU1U.png,jawa
aOLaO5JM.jpg,bali
g9Kn0JHj.png,sunda
ZKfXeHba.jpg,sunda
qjtA37ao.png,lampung
RzcsA0iU.jpg,sunda
lYKRQ4Ej.jpg,pegon
kTe41wZp.png,sunda
eKyhXzpC.png,jawi
xHufZeXk.jpg,bali
NSoDh4XV.png,jawi
qZbzOws6.png,jawa
p9MS8QOZ.png,bali
pqiXIbz1.jpg,lampung
O7buaCxu.png,jawa
gZ6JRRo1.jpg,lontara
r9pkij31.png,pegon
7z5jC5dJ.png,bali
1bSnuvCQ.jpg,lampung
w1TYNXxv.png,pegon
mVWaBWn7.png,pegon
9uBBnvVC.jpg,lontara
OBJjW2qr.png,jawa
lrxdOlAT.png,pegon
Y9Wo1fXp.png,sunda
8aIpqRW3.png,jawi
DmsOlx6D.png,jawi
xDkXQvEj.png,lontara
gwK0nORp.jpg,jawi
ewJz6r3b.png,sunda
xNKGV4NH.png,jawa
dvQD5M5A.jpg,jawi
JT80OyO5.png,sunda
9SwD0Cng.png,jawi
RKS9K2Fn.png,lontara
QDQKS6ep.png,jawa
iCbYEi4m.png,bali
nMQ4F1xT.jpg,jawa
Kol75L34.png,sunda
APvuixRi.png,bali
cXMgNAwJ.png,lontara
j9Sd0Ui3.webp,pegon
MbkiEXjb.png,jawa
3fw8duj3.png,bali
9ujMxB0H.png,lampung
gebXt5nB.png,jawi
dox3Caag.jpg,lontara
pXsBWAib.png,jawa
CO9rKb3f.png,jawi
9QpMUepB.png,lampung
8vgm8wKA.png,pegon
EoiXaNBt.png,pegon
KtJsjnsZ.png,sunda
gH2GwWBW.png,pegon
GYZj43GE.jpg,lontara
n1Iuhvj5.png,bali
rtb326oA.png,lontara
5MKxqZuH.png,pegon
65wJVNGh.png,bali
XfeKKCjv.png,lontara
qaXGDMJG.png,lontara
CEawXvVN.png,bali
TpM2nulH.png,lampung
LA6ocSc4.png,bali
7O1Z9Ieg.png,lontara
ZLwA6wXB.png,bali
QaGkv1XE.png,bali
u3NoAYng.png,jawi
2jgQzL0Z.png,jawa
PHFLYaNx.png,jawa
Wcg5HVar.png,lampung
pm6H79rh.png,pegon
XmPemLJt.png,jawa
aUdw5dsN.png,pegon
C2rmpLAR.png,sunda
ltWHwNeH.png,pegon
uT2vYMoU.jpg,sunda
EcNEHVd7.png,jawa
2AxMK7gr.png,pegon
bop5vEvK.png,jawi
TIWzxvnQ.png,lampung
7yw3UO3l.png,bali
3XYHokqa.png,sunda
BjCddVpD.png,sunda
A7o2WBJc.png,pegon
93NRlevh.jpg,jawi
vqVon2XC.png,lontara
IRNP6nIx.png,jawi
qrAaDALi.jpg,jawi
OE8aYn28.png,pegon
EpFBZRyY.png,lontara
58w1SSBz.png,jawi
Vtgd35hU.png,sunda
lcZIlQln.png,jawa
fpIL7VTV.jpg,lontara
Ay9ShDpL.png,lontara
dnS6qlsM.png,bali
zbfjxVrH.png,bali
bO7P6Bkt.png,lampung
JMUbIuxW.png,lontara
x8uS9FTz.png,lontara
RvR6VzKd.png,lampung
152nPU4v.png,jawi
FFjj4Gt3.jpg,jawi
EuBFu1a2.png,lontara
WPH4MRoI.jpg,sunda
YMl6HdPy.png,lontara
0LozFGtf.png,jawa
DlYwCXLq.png,bali
keYZq33p.png,pegon
w2cIWsFj.png,lampung
zrUNvOrx.png,lontara
iPjo2ktw.png,lontara
PPx6NNeK.png,pegon
bhK7v2jl.png,pegon
XMe2g54q.png,sunda
GUbQCM3T.png,sunda
K3HrZflH.png,jawi
JDK2V2xX.jpg,lampung
dZTPToBV.png,bali
PJdnk3lm.png,jawa
JqbYEJn9.png,pegon
fUMzeXB8.png,lontara
DA4kTYgw.jpg,lontara
03CmPGkT.png,sunda
sZitfzyO.png,lampung
2GJWBApQ.png,bali
4655GZzK.png,pegon
08NfpYut.png,lontara
h3g0czx2.png,jawi
hk9RQTry.png,lontara
Zz2volKH.jpg,jawa
eMQyYGpQ.png,jawi
Hi29doMI.png,jawi
YpqYLMls.png,jawi
NDvBjnG7.jpg,bali
9HLf4SFI.jpg,lampung
ZB2R1d8J.png,sunda
5qer90We.jpg,sunda
IBmEBKAa.png,sunda
74idLsML.png,lampung
z1R8PWlY.jpg,bali
UBKtB1Oc.png,sunda
Q6XCuJlD.png,sunda
idfEwQVG.png,lontara
yNa3HysK.png,jawa
MBKVuyos.jpg,pegon
i0emcfgO.png,jawa
dozYNIIq.jpg,bali
7dSHxdbK.png,jawa
Ug2YwR91.png,lontara
hFzwSHJo.jpg,sunda
DKYyzKJl.webp,lontara
m4ozFNVG.png,pegon
kiILGiOh.png,sunda
KrSZbpXE.webp,lontara
lWLK4H0M.jpg,jawi
ysYHSOU8.png,jawi
c7L3eKPC.png,jawi
0WkhIplx.png,jawa
6coEpME3.png,lampung
6bCoahIm.png,jawa
peNDJF4b.png,bali
pDvLygmX.png,jawi
yiJYAIaE.png,pegon
9XCWkKHR.png,jawi
cgHSsmtb.png,pegon
YM3XRFaS.jpg,bali
KCwPhJOR.png,jawi
ISiY75Bj.png,jawa
VrkXL7CM.jpg,lontara
5xvOZlms.png,lampung
2Orl9nKh.png,lampung
zLGTidae.png,bali
L5aixmxr.jpg,sunda
FTIQOELb.png,jawa
32fihWfl.png,bali
H1LyYAs1.png,sunda
RjDCO5Qf.png,sunda
2L07gdL9.png,jawi
oV3DKp9V.png,lontara
LrLRmKID.png,jawa
ryXAdzPy.png,pegon
7OfVqjsr.png,bali
mPJCe6hs.jpg,jawi
tCGh0ODM.png,jawi
WcjGi7bD.jpg,lampung
23BRi8rh.png,sunda
VpMXVzaB.png,lontara
JNjLmV4a.png,pegon
hWyETqrp.png,lontara
R180IYOy.jpg,lampung
oRHEsOjD.jpg,sunda
a9Fj36gc.jpg,pegon
bJLlA28Q.png,sunda
DDxkeTH4.png,lampung
DL5cetUZ.png,lampung
oKJuL12U.png,lampung
8gUDOxBV.png,pegon
d7fok4Jf.png,sunda
LsJ8PBga.png,lampung
DhpqsuuD.png,jawa
ENuhPIJQ.png,jawa
ZiyyJUyV.jpg,bali
hrTYW18L.png,jawa
KoIlcF7n.png,jawa
H0nZSBs8.png,jawi
TX9kKp0G.png,lampung
dHO7548y.png,jawi
4f0bFHQS.png,lampung
ERrLQ3NB.png,jawi
SugTrIfE.png,sunda
6nVTYWdq.png,sunda
TSJUX46n.png,bali
Yhiz4g2U.png,bali
6BEvEUwu.png,pegon
1yKxPNOF.jpg,jawa
cGmtpLhk.png,jawa
d8vlc36Q.jpg,sunda
ceQacvZu.png,jawi
OkrpnHI7.png,jawi
zBEwedW3.png,lontara
bnfVNZsA.jpg,lontara
DYpX7zIX.png,pegon
VznA3kbQ.jpg,sunda
crG5H1Hg.png,bali
kwbsscuk.png,bali
RoTutvHV.png,lontara
0a7wQbeX.png,bali
Ruuz1e9B.png,sunda
Wh7DIkXi.png,pegon
mVeOzpW4.jpg,jawa
Ay9ut7Ah.png,jawa
tmI3uCUC.png,jawa
NVC7yckQ.png,jawa
iMpL5sMu.png,lampung
Jb6p2XUL.png,jawa
NQ4C3L7O.png,jawa
AOijj7wu.jpg,sunda
5YzXO6Bv.png,pegon
3TzdfqFP.png,lontara
pqfcNQl2.jpg,bali
ORmZmU6c.png,bali
7mBicLAI.png,pegon
DPlxUboY.png,jawi
czonWT2R.png,bali
ErQMK3aS.jpg,lontara
tTqyYtRU.png,pegon
WFXTeJuH.png,lontara
qKE9HlEW.png,bali
tZXzX4LT.jpg,jawa
vNdb2CIb.png,sunda
24Ya45ra.png,pegon
u3zlnDGD.png,jawa
x6XqsJiB.jpg,jawi
mPZVwZ0A.png,jawi
65TY0a9M.png,lampung
CAtOcJgM.webp,jawi
0wyhwwt2.jpg,bali
WLDo1RbW.png,pegon
ldyaKhEA.jpg,sunda
0tdPUH81.png,lampung
1hZMcGvT.png,sunda
NCCpBo66.jpg,sunda
lP6F45t9.png,sunda
BWwQs87e.jpg,sunda
CNxlN8DZ.png,jawi
sOsQCyDE.png,jawa
70y7dEjo.png,bali
EbTdvepg.png,bali
Do2TlKOY.png,bali
yf1UwE2n.png,sunda
edJIl8Kh.jpg,lontara
T24kNPOi.png,jawi
D5zDImAS.jpg,lontara
w5c6oVVG.png,jawi
0w9yioJV.png,lontara
qpwMjJNL.png,sunda
Z9wTjC40.png,pegon
ML8Xiqip.jpg,bali
yvntpoy9.png,pegon
yjoCQYCw.png,sunda
vyWZjIyU.png,pegon
wCG42W9w.png,pegon
Nq3se1Ox.png,lontara
Pye0QO61.jpg,jawa
48gMlXRq.png,lontara
V2WNVFYg.png,pegon
yGGznWQt.png,jawa
HJRFkhWu.webp,jawa
fJmQsHZ2.jpg,lampung
hkcIa6sl.jpg,sunda
l231HyFQ.png,pegon
CaBDFN2e.jpg,lampung
QssNv1oE.png,jawa
PlrcJU6H.png,pegon
ZRD0PMLB.jpg,jawi
K63EPQQq.png,bali
rAHK0E32.jpg,jawi
rcrdiDBU.png,jawa
xV9ONO3u.png,lampung
G6x2O46A.png,pegon
cO5C004C.png,bali
3xKp8zpl.jpg,jawi
K6w1B8dc.png,bali
T66EkZDT.png,lampung
fLQ84oD6.jpg,bali
SBgzmmnt.png,jawi
S1OGzZ64.png,pegon
iYhSzOyi.png,lontara
SDARR9F3.png,pegon
ooq1TFcW.png,pegon
BvLkM6aL.png,jawa
xEOSklqL.png,jawa
vsk9QtTb.png,lontara
bYN8mgMF.png,sunda
BlFJx9p2.png,lampung
jHWzMZBX.png,lontara
VxtFRGfW.png,jawi
Bd663sGX.png,pegon
DqnWrNtX.png,lampung
JkkPy6AQ.png,lampung
CyWHK8cb.png,bali
9lfnHqnq.png,bali
k6yv0IDG.png,bali
X5ay6OdE.png,lontara
wKwx8cCl.jpg,sunda
FycvTEy1.png,lontara
i8bGpRKt.png,jawa
Uvfd1mdN.png,pegon
D0ZuPqP9.png,jawa
XHYDtihP.jpg,jawa
H8XMLMoN.png,pegon
StrB0qdK.png,lontara
Dhc3vAQj.jpg,sunda
EgmLlFKZ.png,jawa
yAkija0y.png,lontara
SGrqxQ9u.png,jawi
iQGZLiZl.png,bali
CMo54J89.jpg,jawi
arezgmsE.png,lampung
1XZHKujf.png,pegon
4nHzJCWR.png,lontara
8axHGxnX.jpg,bali
LoxzO9bz.png,jawi
hND1kQVy.png,lontara
hGcwwDiR.png,jawi
t87RBrU5.png,sunda
fyQWaVK3.png,jawa
nmtWWO8J.png,sunda
FHx7Z7Pt.png,bali
CybNCann.png,lontara
zAe4xcKI.png,lontara
76EpQXpN.png,lampung
mqFxina4.png,lontara
CFWgyt1V.png,bali
QEsx1HUL.png,bali
mNAn6g2p.jpg,lampung
pgv16KNB.png,bali
hzd4Ktmp.png,jawi
2YSySWcS.jpg,jawi
5DCOY2zY.png,jawi
WAwRYLGo.jpg,lontara
BCm3HwjR.jpg,sunda
Sq8qiGnA.png,jawi
wKMxEpHX.png,bali
B2HKyGTf.png,pegon
WRwiRSHE.png,pegon
8H61GdWM.png,lampung
w7C1zxjQ.png,jawa
